{
  "project_info": {
    "project_number": "802886014733",
    "firebase_url": "https://test-sense-8c25f.firebaseio.com",
    "project_id": "test-sense-8c25f",
    "storage_bucket": "test-sense-8c25f.appspot.com"
  },
  "client": [
    {
      "client_info": {
        "mobilesdk_app_id": "1:802886014733:android:0a055946dc2d96f1",
        "android_client_info": {
          "package_name": "com.codeelit.ts"
        }
      },
      "oauth_client": [
        {
          "client_id": "802886014733-07s6ddommbagadv4q5h27gr6h8m3akud.apps.googleusercontent.com",
          "client_type": 1,
          "android_info": {
            "package_name": "com.codeelit.ts",
            "certificate_hash": "400de6d7b921fb61ded3d6a1824e7da9b4506138"
          }
        },
        {
          "client_id": "802886014733-kj2e2qorh8sk5mlv67551amgblrlj08l.apps.googleusercontent.com",
          "client_type": 1,
          "android_info": {
            "package_name": "com.codeelit.ts",
            "certificate_hash": "5a1b17563b0e2384c8accb2a90d2b8af7cc291d8"
          }
        },
        {
          "client_id": "802886014733-avmc5it3bo1brs1anilkj9afgb5abodb.apps.googleusercontent.com",
          "client_type": 3
        }
      ],
      "api_key": [
        {
          "current_key": "AIzaSyDwFWz-Z_-TlIprjK23QkuSmQq2Xtq6r6A"
        }
      ],
      "services": {
        "appinvite_service": {
          "other_platform_oauth_client": [
            {
              "client_id": "802886014733-avmc5it3bo1brs1anilkj9afgb5abodb.apps.googleusercontent.com",
              "client_type": 3
            }
          ]
        }
      }
    }
  ],
  "configuration_version": "1"
}